Gemeinde,BFS_NR_GEMEINDE,Total,Ausländeranteil_Prozent,Jahr
Aadorf,4551,7329,12.9,2004
Affeltrangen,4711,2187,12.6,2004
Altnau,4641,1932,15.4,2004
Amlikon-Bissegg,4881,1166,4.5,2004
Amriswil,4461,11414,25,2004
Arbon,4401,12817,27.7,2004
Basadingen-Schlattingen,4536,1653,11.5,2004
Berg,4891,2985,9,2004
Berlingen ,4801,777,17.9,2004
Bettwiesen,4716,1055,22.2,2004
Bichelsee-Balterswil,4721,2451,7,2004
Birwinken,4901,1292,6.3,2004
Bischofszell,4471,5514,21.9,2004
Bottighofen,4643,1917,21,2004
Braunau,4723,680,4.1,2004
Bürglen,4911,3165,25.9,2004
Bussnang,4921,1991,4.2,2004
Diessenhofen ,4545,3167,30.4,2004
Dozwil,4406,526,11.4,2004
Egnach,4411,4238,11.9,2004
Erlen,4476,3053,17.2,2004
Ermatingen,4646,2570,20.5,2004
Eschenz,4806,1532,13.7,2004
Eschlikon,4724,3456,11,2004
Felben-Wellhausen,4561,2261,15.5,2004
Fischingen,4726,2586,7,2004
Frauenfeld,4566,21965,22.3,2004
Gachnang,4571,3233,9.8,2004
Gottlieben,4651,286,29,2004
Güttingen,4656,1341,14.5,2004
Hauptwil-Gottshaus,4486,1824,7.3,2004
Hefenhofen,4416,1148,9,2004
Herdern,4811,919,7.4,2004
Hohentannen,4495,600,3.8,2004
Homburg,4816,1431,4.2,2004
Horn,4421,2320,16,2004
Hüttlingen,4590,841,4.8,2004
Hüttwilen,4821,1378,7.8,2004
Kemmental,4666,2157,8,2004
Kesswil,4426,925,15,2004
Kradolf-Schönenberg,4501,3130,19.4,2004
Kreuzlingen,4671,17441,44.3,2004
Langrickenbach,4681,1062,6.9,2004
Lengwil,4683,1191,11.6,2004
Lommis,4741,1042,6.2,2004
Mammern,4826,551,26.7,2004
Märstetten,4941,2320,11.5,2004
Matzingen,4591,2397,18.9,2004
Müllheim,4831,2493,14,2004
Münchwilen,4746,4661,18.3,2004
Münsterlingen,4691,2502,27.7,2004
Neunforn,4601,941,5.6,2004
Pfyn,4841,1845,12,2004
Raperswilen,4846,409,6.6,2004
Rickenbach,4751,2408,29.7,2004
Roggwil,4431,2679,7,2004
Romanshorn,4436,9186,25.6,2004
Salenstein,4851,1201,20.4,2004
Salmsach,4441,1302,23,2004
Schlatt,4546,1561,8.4,2004
Schönholzerswilen,4756,731,2.5,2004
Sirnach,4761,6552,20.4,2004
Sommeri ,4446,486,9.3,2004
Steckborn,4864,3371,22.8,2004
Stettfurt,4606,1033,4.5,2004
Sulgen,4506,3388,21.2,2004
Tägerwilen,4696,3503,26.3,2004
Thundorf,4611,1244,4.4,2004
Tobel-Tägerschen ,4776,1317,11.4,2004
Uesslingen-Buch,4616,1058,3.8,2004
Uttwil,4451,1493,12.5,2004
Wagenhausen,4871,1579,15.1,2004
Wäldi,4701,955,9,2004
Wängi,4781,4077,13.1,2004
Warth-Weiningen,4621,1205,5.1,2004
Weinfelden,4946,9564,20,2004
Wigoltingen,4951,2083,9.4,2004
Wilen,4786,1861,7,2004
Wuppenau,4791,972,2.9,2004
Zihlschlacht-Sitterdorf,4511,1971,10.6,2004
Aadorf,4551,7379,13.2,2005
Affeltrangen,4711,2207,12.3,2005
Altnau,4641,1913,15.3,2005
Amlikon-Bissegg,4881,1193,4.5,2005
Amriswil,4461,11477,24.8,2005
Arbon,4401,12794,27.3,2005
Basadingen-Schlattingen,4536,1664,10.6,2005
Berg,4891,2958,8.7,2005
Berlingen ,4801,784,17.2,2005
Bettwiesen,4716,1058,21.8,2005
Bichelsee-Balterswil,4721,2457,6.8,2005
Birwinken,4901,1282,6.6,2005
Bischofszell,4471,5485,21.8,2005
Bottighofen,4643,1937,22.3,2005
Braunau,4723,671,3.7,2005
Bürglen,4911,3133,25.2,2005
Bussnang,4921,1979,4.5,2005
Diessenhofen ,4545,3222,30,2005
Dozwil,4406,529,12.5,2005
Egnach,4411,4248,11.1,2005
Erlen,4476,3039,17.8,2005
Ermatingen,4646,2606,21.2,2005
Eschenz,4806,1574,14.7,2005
Eschlikon,4724,3537,10.3,2005
Felben-Wellhausen,4561,2307,14.6,2005
Fischingen,4726,2596,7.4,2005
Frauenfeld,4566,21933,21.8,2005
Gachnang,4571,3271,10.2,2005
Gottlieben,4651,327,34.3,2005
Güttingen,4656,1357,13.3,2005
Hauptwil-Gottshaus,4486,1865,7.6,2005
Hefenhofen,4416,1186,9.4,2005
Herdern,4811,928,7.2,2005
Hohentannen,4495,599,4.5,2005
Homburg,4816,1435,4,2005
Horn,4421,2332,16.2,2005
Hüttlingen,4590,841,6.3,2005
Hüttwilen,4821,1371,7.6,2005
Kemmental,4666,2137,8.5,2005
Kesswil,4426,926,14.9,2005
Kradolf-Schönenberg,4501,3181,19,2005
Kreuzlingen,4671,17583,44.7,2005
Langrickenbach,4681,1070,7.2,2005
Lengwil,4683,1239,12,2005
Lommis,4741,1059,6.6,2005
Mammern,4826,562,25.8,2005
Märstetten,4941,2340,10.9,2005
Matzingen,4591,2405,19.3,2005
Müllheim,4831,2536,14.5,2005
Münchwilen,4746,4607,18.3,2005
Münsterlingen,4691,2459,28.3,2005
Neunforn,4601,944,4.8,2005
Pfyn,4841,1862,10.3,2005
Raperswilen,4846,408,5.6,2005
Rickenbach,4751,2400,29.6,2005
Roggwil,4431,2736,7.3,2005
Romanshorn,4436,9179,25.8,2005
Salenstein,4851,1212,21.2,2005
Salmsach,4441,1327,22.1,2005
Schlatt,4546,1525,6.8,2005
Schönholzerswilen,4756,744,2.4,2005
Sirnach,4761,6620,19.9,2005
Sommeri ,4446,500,6.4,2005
Steckborn,4864,3398,22.3,2005
Stettfurt,4606,1062,4.9,2005
Sulgen,4506,3402,20.8,2005
Tägerwilen,4696,3579,27,2005
Thundorf,4611,1260,5.6,2005
Tobel-Tägerschen ,4776,1328,11.4,2005
Uesslingen-Buch,4616,1033,3.8,2005
Uttwil,4451,1500,12.1,2005
Wagenhausen,4871,1554,13.6,2005
Wäldi,4701,955,8.7,2005
Wängi,4781,4074,12.3,2005
Warth-Weiningen,4621,1180,4.9,2005
Weinfelden,4946,9504,19.4,2005
Wigoltingen,4951,2115,10,2005
Wilen,4786,1926,7.7,2005
Wuppenau,4791,1016,3.7,2005
Zihlschlacht-Sitterdorf,4511,1991,10.3,2005
Aadorf,4551,7426,13.2,2006
Affeltrangen,4711,2202,11.4,2006
Altnau,4641,1892,15.1,2006
Amlikon-Bissegg,4881,1211,5,2006
Amriswil,4461,11469,24.6,2006
Arbon,4401,12968,27.3,2006
Basadingen-Schlattingen,4536,1674,12.2,2006
Berg,4891,2977,9.3,2006
Berlingen ,4801,785,17.6,2006
Bettwiesen,4716,1055,21.5,2006
Bichelsee-Balterswil,4721,2465,6.7,2006
Birwinken,4901,1279,6.6,2006
Bischofszell,4471,5461,21.6,2006
Bottighofen,4643,1941,23.4,2006
Braunau,4723,663,4.1,2006
Bürglen,4911,3105,25.5,2006
Bussnang,4921,1995,5.7,2006
Diessenhofen ,4545,3180,29.8,2006
Dozwil,4406,534,13.1,2006
Egnach,4411,4255,10.6,2006
Erlen,4476,3064,17.1,2006
Ermatingen,4646,2649,21.1,2006
Eschenz,4806,1603,14.8,2006
Eschlikon,4724,3605,10.4,2006
Felben-Wellhausen,4561,2310,14.9,2006
Fischingen,4726,2567,7,2006
Frauenfeld,4566,22063,21,2006
Gachnang,4571,3274,9.7,2006
Gottlieben,4651,323,31.3,2006
Güttingen,4656,1392,13.6,2006
Hauptwil-Gottshaus,4486,1808,7.6,2006
Hefenhofen,4416,1175,8.8,2006
Herdern,4811,917,7.6,2006
Hohentannen,4495,604,4.6,2006
Homburg,4816,1430,4,2006
Horn,4421,2362,15,2006
Hüttlingen,4590,831,6.4,2006
Hüttwilen,4821,1386,7.3,2006
Kemmental,4666,2155,9,2006
Kesswil,4426,952,16.1,2006
Kradolf-Schönenberg,4501,3207,17.7,2006
Kreuzlingen,4671,17722,45,2006
Langrickenbach,4681,1068,6.6,2006
Lengwil,4683,1231,12.6,2006
Lommis,4741,1048,6.3,2006
Mammern,4826,557,20.8,2006
Märstetten,4941,2388,10.6,2006
Matzingen,4591,2433,19.4,2006
Müllheim,4831,2487,12.8,2006
Münchwilen,4746,4628,17.7,2006
Münsterlingen,4691,2467,28.8,2006
Neunforn,4601,931,4.4,2006
Pfyn,4841,1839,10.3,2006
Raperswilen,4846,397,4,2006
Rickenbach,4751,2407,30.2,2006
Roggwil,4431,2765,7.4,2006
Romanshorn,4436,9191,25.8,2006
Salenstein,4851,1191,20.8,2006
Salmsach,4441,1310,22.7,2006
Schlatt,4546,1556,7.8,2006
Schönholzerswilen,4756,748,2.4,2006
Sirnach,4761,6603,19.8,2006
Sommeri ,4446,482,7.7,2006
Steckborn,4864,3417,22.1,2006
Stettfurt,4606,1086,5,2006
Sulgen,4506,3368,20.4,2006
Tägerwilen,4696,3664,28.7,2006
Thundorf,4611,1253,4.9,2006
Tobel-Tägerschen ,4776,1359,11.2,2006
Uesslingen-Buch,4616,1042,4.9,2006
Uttwil,4451,1545,11.8,2006
Wagenhausen,4871,1567,13.8,2006
Wäldi,4701,961,8.9,2006
Wängi,4781,4059,12.5,2006
Warth-Weiningen,4621,1158,5,2006
Weinfelden,4946,9649,18.7,2006
Wigoltingen,4951,2137,10.3,2006
Wilen,4786,1954,8.1,2006
Wuppenau,4791,999,3.6,2006
Zihlschlacht-Sitterdorf,4511,2005,9.9,2006
Aadorf,4551,7591,13.6,2007
Affeltrangen,4711,2246,11.2,2007
Altnau,4641,1869,14.9,2007
Amlikon-Bissegg,4881,1223,5.2,2007
Amriswil,4461,11517,25.1,2007
Arbon,4401,13118,27.4,2007
Basadingen-Schlattingen,4536,1679,12.7,2007
Berg,4891,3058,9.5,2007
Berlingen ,4801,812,20.2,2007
Bettwiesen,4716,1046,19.1,2007
Bichelsee-Balterswil,4721,2461,7.7,2007
Birwinken,4901,1265,6.8,2007
Bischofszell,4471,5466,21.4,2007
Bottighofen,4643,2007,24.5,2007
Braunau,4723,673,5.8,2007
Bürglen,4911,3092,24.8,2007
Bussnang,4921,2034,6.5,2007
Diessenhofen ,4545,3160,29.3,2007
Dozwil,4406,552,12.3,2007
Egnach,4411,4272,10.7,2007
Erlen,4476,3078,18.3,2007
Ermatingen,4646,2705,22.2,2007
Eschenz,4806,1619,13.5,2007
Eschlikon,4724,3690,11.1,2007
Felben-Wellhausen,4561,2286,14.1,2007
Fischingen,4726,2569,6.8,2007
Frauenfeld,4566,22313,21.3,2007
Gachnang,4571,3298,10.1,2007
Gottlieben,4651,320,33.1,2007
Güttingen,4656,1389,14,2007
Hauptwil-Gottshaus,4486,1802,8.6,2007
Hefenhofen,4416,1195,7.8,2007
Herdern,4811,922,8.1,2007
Hohentannen,4495,607,4.8,2007
Homburg,4816,1433,4.3,2007
Horn,4421,2429,16,2007
Hüttlingen,4590,837,7,2007
Hüttwilen,4821,1416,7.5,2007
Kemmental,4666,2203,10.6,2007
Kesswil,4426,951,16.2,2007
Kradolf-Schönenberg,4501,3215,18.2,2007
Kreuzlingen,4671,18133,46,2007
Langrickenbach,4681,1099,7.3,2007
Lengwil,4683,1252,12.6,2007
Lommis,4741,1049,8,2007
Mammern,4826,585,24.3,2007
Märstetten,4941,2399,10.2,2007
Matzingen,4591,2433,18.9,2007
Müllheim,4831,2496,12.3,2007
Münchwilen,4746,4618,17.1,2007
Münsterlingen,4691,2543,30.6,2007
Neunforn,4601,933,6,2007
Pfyn,4841,1898,11.1,2007
Raperswilen,4846,397,4.8,2007
Rickenbach,4751,2451,30.8,2007
Roggwil,4431,2806,8.1,2007
Romanshorn,4436,9292,26.2,2007
Salenstein,4851,1244,22.3,2007
Salmsach,4441,1305,22.3,2007
Schlatt,4546,1574,9,2007
Schönholzerswilen,4756,751,2.4,2007
Sirnach,4761,6702,20.4,2007
Sommeri ,4446,497,7.6,2007
Steckborn,4864,3435,22.2,2007
Stettfurt,4606,1098,5,2007
Sulgen,4506,3366,20.3,2007
Tägerwilen,4696,3640,28.7,2007
Thundorf,4611,1273,6.4,2007
Tobel-Tägerschen ,4776,1351,11.6,2007
Uesslingen-Buch,4616,1046,4.3,2007
Uttwil,4451,1604,12.6,2007
Wagenhausen,4871,1589,14.5,2007
Wäldi,4701,960,9.8,2007
Wängi,4781,4059,12.6,2007
Warth-Weiningen,4621,1174,5.6,2007
Weinfelden,4946,9852,18.8,2007
Wigoltingen,4951,2126,10.7,2007
Wilen,4786,2029,8.4,2007
Wuppenau,4791,1008,3.5,2007
Zihlschlacht-Sitterdorf,4511,2029,9.9,2007
Aadorf,4551,7823,14.1,2008
Affeltrangen,4711,2277,11.4,2008
Altnau,4641,1945,15.3,2008
Amlikon-Bissegg,4881,1251,7,2008
Amriswil,4461,11720,26,2008
Arbon,4401,13343,28.4,2008
Basadingen-Schlattingen,4536,1657,10.7,2008
Berg,4891,3022,9.5,2008
Berlingen ,4801,830,20.7,2008
Bettwiesen,4716,1061,19,2008
Bichelsee-Balterswil,4721,2531,8.6,2008
Birwinken,4901,1303,7.2,2008
Bischofszell,4471,5477,22.1,2008
Bottighofen,4643,2068,26.5,2008
Braunau,4723,673,6.2,2008
Bürglen,4911,3164,24.8,2008
Bussnang,4921,2079,6.5,2008
Diessenhofen ,4545,3231,30.1,2008
Dozwil,4406,573,13.3,2008
Egnach,4411,4245,11.2,2008
Erlen,4476,3093,19.1,2008
Ermatingen,4646,2835,24.2,2008
Eschenz,4806,1632,14.3,2008
Eschlikon,4724,3759,11.7,2008
Felben-Wellhausen,4561,2330,15.9,2008
Fischingen,4726,2600,7.6,2008
Frauenfeld,4566,22583,22.1,2008
Gachnang,4571,3362,10.6,2008
Gottlieben,4651,316,32.6,2008
Güttingen,4656,1418,15.2,2008
Hauptwil-Gottshaus,4486,1806,10.1,2008
Hefenhofen,4416,1179,8.7,2008
Herdern,4811,950,8.6,2008
Hohentannen,4495,620,6.8,2008
Homburg,4816,1431,3.8,2008
Horn,4421,2548,16.2,2008
Hüttlingen,4590,842,6.5,2008
Hüttwilen,4821,1433,7.7,2008
Kemmental,4666,2207,11.3,2008
Kesswil,4426,973,16,2008
Kradolf-Schönenberg,4501,3290,19.1,2008
Kreuzlingen,4671,18433,47.8,2008
Langrickenbach,4681,1117,9.4,2008
Lengwil,4683,1284,14.3,2008
Lommis,4741,1068,8.8,2008
Mammern,4826,577,22.5,2008
Märstetten,4941,2429,10.5,2008
Matzingen,4591,2504,20.6,2008
Müllheim,4831,2573,13.3,2008
Münchwilen,4746,4674,17.6,2008
Münsterlingen,4691,2648,33.4,2008
Neunforn,4601,956,6.6,2008
Pfyn,4841,1925,10.9,2008
Raperswilen,4846,404,5.2,2008
Rickenbach,4751,2502,31.4,2008
Roggwil,4431,2889,9.3,2008
Romanshorn,4436,9455,27,2008
Salenstein,4851,1242,23.1,2008
Salmsach,4441,1290,22.7,2008
Schlatt,4546,1595,10.1,2008
Schönholzerswilen,4756,771,4.2,2008
Sirnach,4761,6809,20.8,2008
Sommeri ,4446,511,9.2,2008
Steckborn,4864,3471,23,2008
Stettfurt,4606,1109,4.9,2008
Sulgen,4506,3415,21.6,2008
Tägerwilen,4696,3712,29.8,2008
Thundorf,4611,1292,6.7,2008
Tobel-Tägerschen ,4776,1375,12,2008
Uesslingen-Buch,4616,1041,4.4,2008
Uttwil,4451,1652,13.9,2008
Wagenhausen,4871,1611,15.6,2008
Wäldi,4701,970,11.3,2008
Wängi,4781,4100,12.6,2008
Warth-Weiningen,4621,1188,5.9,2008
Weinfelden,4946,9977,19.6,2008
Wigoltingen,4951,2093,10.4,2008
Wilen,4786,2046,8.5,2008
Wuppenau,4791,1007,4.8,2008
Zihlschlacht-Sitterdorf,4511,2048,10.4,2008
Aadorf,4551,7980,14.1,2009
Affeltrangen,4711,2288,11.8,2009
Altnau,4641,1981,16.7,2009
Amlikon-Bissegg,4881,1298,6.9,2009
Amriswil,4461,11894,26.4,2009
Arbon,4401,13430,28.3,2009
Basadingen-Schlattingen,4536,1699,12.5,2009
Berg,4891,3050,9.9,2009
Berlingen ,4801,839,21.5,2009
Bettwiesen,4716,1054,19.4,2009
Bichelsee-Balterswil,4721,2575,8.9,2009
Birwinken,4901,1296,6.3,2009
Bischofszell,4471,5536,22.2,2009
Bottighofen,4643,2079,27.4,2009
Braunau,4723,677,6.1,2009
Bürglen,4911,3213,24.5,2009
Bussnang,4921,2079,7.6,2009
Diessenhofen ,4545,3314,30.5,2009
Dozwil,4406,608,12.5,2009
Egnach,4411,4277,11.3,2009
Erlen,4476,3135,19.1,2009
Ermatingen,4646,2877,25.3,2009
Eschenz,4806,1655,16,2009
Eschlikon,4724,3808,11.6,2009
Felben-Wellhausen,4561,2394,16.6,2009
Fischingen,4726,2562,8,2009
Frauenfeld,4566,22878,22.1,2009
Gachnang,4571,3423,10.5,2009
Gottlieben,4651,309,33,2009
Güttingen,4656,1429,16.5,2009
Hauptwil-Gottshaus,4486,1789,9.7,2009
Hefenhofen,4416,1154,7,2009
Herdern,4811,981,9.7,2009
Hohentannen,4495,593,6.6,2009
Homburg,4816,1463,5.2,2009
Horn,4421,2584,16.7,2009
Hüttlingen,4590,829,5.9,2009
Hüttwilen,4821,1450,8,2009
Kemmental,4666,2229,12.6,2009
Kesswil,4426,981,17,2009
Kradolf-Schönenberg,4501,3307,19.5,2009
Kreuzlingen,4671,18933,48.6,2009
Langrickenbach,4681,1108,10.6,2009
Lengwil,4683,1367,16.5,2009
Lommis,4741,1086,9,2009
Mammern,4826,584,26,2009
Märstetten,4941,2454,10.2,2009
Matzingen,4591,2530,19.6,2009
Müllheim,4831,2629,13.7,2009
Münchwilen,4746,4760,17.9,2009
Münsterlingen,4691,2768,33.9,2009
Neunforn,4601,986,7.4,2009
Pfyn,4841,1933,11.4,2009
Raperswilen,4846,402,5.5,2009
Rickenbach,4751,2510,31.6,2009
Roggwil,4431,2872,9.1,2009
Romanshorn,4436,9606,27.3,2009
Salenstein,4851,1256,23.9,2009
Salmsach,4441,1296,24.3,2009
Schlatt,4546,1601,10.2,2009
Schönholzerswilen,4756,770,4.4,2009
Sirnach,4761,6929,21.2,2009
Sommeri ,4446,518,9.7,2009
Steckborn,4864,3461,23.4,2009
Stettfurt,4606,1099,5.3,2009
Sulgen,4506,3420,21.1,2009
Tägerwilen,4696,3763,30.8,2009
Thundorf,4611,1296,6.8,2009
Tobel-Tägerschen ,4776,1380,11.9,2009
Uesslingen-Buch,4616,1052,5.8,2009
Uttwil,4451,1711,13.7,2009
Wagenhausen,4871,1603,16.6,2009
Wäldi,4701,998,12.4,2009
Wängi,4781,4067,12.8,2009
Warth-Weiningen,4621,1202,6.5,2009
Weinfelden,4946,10141,19.6,2009
Wigoltingen,4951,2123,10.6,2009
Wilen,4786,2056,8.5,2009
Wuppenau,4791,1021,5.8,2009
Zihlschlacht-Sitterdorf,4511,2042,10,2009
Aadorf,4551,8047,13.8,2010
Affeltrangen,4711,2325,12,2010
Altnau,4641,1980,17.8,2010
Amlikon-Bissegg,4881,1259,6.5,2010
Amriswil,4461,12134,26.9,2010
Arbon,4401,13512,28.4,2010
Basadingen-Schlattingen,4536,1694,11.3,2010
Berg,4891,3067,10.8,2010
Berlingen ,4801,847,21.6,2010
Bettwiesen,4716,1051,19.5,2010
Bichelsee-Balterswil,4721,2618,9.2,2010
Birwinken,4901,1298,6.7,2010
Bischofszell,4471,5462,22.1,2010
Bottighofen,4643,2096,27.9,2010
Braunau,4723,685,7.4,2010
Bürglen,4911,3259,24.4,2010
Bussnang,4921,2109,9.2,2010
Diessenhofen ,4545,3395,30.4,2010
Dozwil,4406,640,11.1,2010
Egnach,4411,4303,11.5,2010
Erlen,4476,3176,20,2010
Ermatingen,4646,2874,25.6,2010
Eschenz,4806,1665,16,2010
Eschlikon,4724,3844,11.3,2010
Felben-Wellhausen,4561,2477,17,2010
Fischingen,4726,2581,7.7,2010
Frauenfeld,4566,23128,22.3,2010
Gachnang,4571,3423,10.9,2010
Gottlieben,4651,307,35.5,2010
Güttingen,4656,1443,16.8,2010
Hauptwil-Gottshaus,4486,1824,10,2010
Hefenhofen,4416,1188,10.2,2010
Herdern,4811,947,6.5,2010
Hohentannen,4495,605,7.9,2010
Homburg,4816,1488,5.6,2010
Horn,4421,2599,17,2010
Hüttlingen,4590,821,7.8,2010
Hüttwilen,4821,1496,10.2,2010
Kemmental,4666,2285,14.8,2010
Kesswil,4426,985,17.6,2010
Kradolf-Schönenberg,4501,3288,19.8,2010
Kreuzlingen,4671,19415,49.8,2010
Langrickenbach,4681,1119,10.5,2010
Lengwil,4683,1363,16.6,2010
Lommis,4741,1101,9.3,2010
Mammern,4826,584,26.4,2010
Märstetten,4941,2480,10.5,2010
Matzingen,4591,2529,19.6,2010
Müllheim,4831,2676,13.8,2010
Münchwilen,4746,4765,18.2,2010
Münsterlingen,4691,2867,35.9,2010
Neunforn,4601,968,6.8,2010
Pfyn,4841,1927,11.7,2010
Raperswilen,4846,396,5.8,2010
Rickenbach,4751,2470,30.5,2010
Roggwil,4431,2884,9.5,2010
Romanshorn,4436,9699,27.9,2010
Salenstein,4851,1278,24.3,2010
Salmsach,4441,1303,22.6,2010
Schlatt,4546,1601,9.8,2010
Schönholzerswilen,4756,765,3.8,2010
Sirnach,4761,7039,21.1,2010
Sommeri ,4446,516,10.1,2010
Steckborn,4864,3497,24.1,2010
Stettfurt,4606,1112,6.1,2010
Sulgen,4506,3397,20.8,2010
Tägerwilen,4696,3926,31.8,2010
Thundorf,4611,1307,7.2,2010
Tobel-Tägerschen ,4776,1382,13,2010
Uesslingen-Buch,4616,1060,5.3,2010
Uttwil,4451,1751,14.7,2010
Wagenhausen,4871,1619,17.9,2010
Wäldi,4701,987,11.6,2010
Wängi,4781,4160,13.2,2010
Warth-Weiningen,4621,1230,7,2010
Weinfelden,4946,10333,19.9,2010
Wigoltingen,4951,2155,11,2010
Wilen,4786,2076,9,2010
Wuppenau,4791,1035,5.8,2010
Zihlschlacht-Sitterdorf,4511,2076,10.2,2010
Aadorf,4551,8243,14.4,2011
Affeltrangen,4711,2338,12.7,2011
Altnau,4641,2065,18.5,2011
Amlikon-Bissegg,4881,1278,7.4,2011
Amriswil,4461,12315,27.4,2011
Arbon,4401,13647,28.9,2011
Basadingen-Schlattingen,4536,1678,11.6,2011
Berg,4891,3104,11,2011
Berlingen ,4801,833,21.8,2011
Bettwiesen,4716,1082,19.9,2011
Bichelsee-Balterswil,4721,2624,9.4,2011
Birwinken,4901,1271,7,2011
Bischofszell,4471,5507,22.4,2011
Bottighofen,4643,2110,28.9,2011
Braunau,4723,706,7.2,2011
Bürglen,4911,3356,25.6,2011
Bussnang,4921,2151,10.5,2011
Diessenhofen ,4545,3457,30.7,2011
Dozwil,4406,650,11.7,2011
Egnach,4411,4312,12,2011
Erlen,4476,3186,21.4,2011
Ermatingen,4646,2909,26.4,2011
Eschenz,4806,1640,15.8,2011
Eschlikon,4724,3920,11.9,2011
Felben-Wellhausen,4561,2503,17.5,2011
Fischingen,4726,2554,7.2,2011
Frauenfeld,4566,23527,22.2,2011
Gachnang,4571,3415,11.5,2011
Gottlieben,4651,315,35.9,2011
Güttingen,4656,1446,18.1,2011
Hauptwil-Gottshaus,4486,1820,9.8,2011
Hefenhofen,4416,1185,11.4,2011
Herdern,4811,946,6.7,2011
Hohentannen,4495,618,9.4,2011
Homburg,4816,1464,7,2011
Horn,4421,2591,16.4,2011
Hüttlingen,4590,814,8.5,2011
Hüttwilen,4821,1532,9.3,2011
Kemmental,4666,2272,16.4,2011
Kesswil,4426,980,17.8,2011
Kradolf-Schönenberg,4501,3316,20.4,2011
Kreuzlingen,4671,19808,50.7,2011
Langrickenbach,4681,1135,11,2011
Lengwil,4683,1414,18.5,2011
Lommis,4741,1116,10.4,2011
Mammern,4826,594,27.1,2011
Märstetten,4941,2585,11.8,2011
Matzingen,4591,2540,19.9,2011
Müllheim,4831,2643,13.3,2011
Münchwilen,4746,4873,18.9,2011
Münsterlingen,4691,2962,36,2011
Neunforn,4601,955,7,2011
Pfyn,4841,1959,12.3,2011
Raperswilen,4846,401,6.7,2011
Rickenbach,4751,2554,31,2011
Roggwil,4431,2941,10,2011
Romanshorn,4436,10076,29,2011
Salenstein,4851,1255,25.6,2011
Salmsach,4441,1323,24.9,2011
Schlatt,4546,1599,10.5,2011
Schönholzerswilen,4756,778,4.5,2011
Sirnach,4761,7191,21.3,2011
Sommeri ,4446,515,9.9,2011
Steckborn,4864,3642,24.8,2011
Stettfurt,4606,1129,6.8,2011
Sulgen,4506,3469,22,2011
Tägerwilen,4696,3997,33.3,2011
Thundorf,4611,1326,7.2,2011
Tobel-Tägerschen ,4776,1379,12.6,2011
Uesslingen-Buch,4616,1069,6,2011
Uttwil,4451,1757,14.4,2011
Wagenhausen,4871,1611,18.2,2011
Wäldi,4701,998,11.1,2011
Wängi,4781,4226,13.2,2011
Warth-Weiningen,4621,1227,7.5,2011
Weinfelden,4946,10440,20.1,2011
Wigoltingen,4951,2172,11.5,2011
Wilen,4786,2125,9.3,2011
Wuppenau,4791,1063,6.4,2011
Zihlschlacht-Sitterdorf,4511,2113,11,2011
Aadorf,4551,8364,15.9,2012
Affeltrangen,4711,2383,13.3,2012
Altnau,4641,2061,18.6,2012
Amlikon-Bissegg,4881,1285,7.9,2012
Amriswil,4461,12503,28.5,2012
Arbon,4401,13884,29.7,2012
Basadingen-Schlattingen,4536,1712,11.3,2012
Berg,4891,3186,11.5,2012
Berlingen ,4801,858,23.7,2012
Bettwiesen,4716,1109,20.2,2012
Bichelsee-Balterswil,4721,2675,10.2,2012
Birwinken,4901,1333,8.4,2012
Bischofszell,4471,5546,23.2,2012
Bottighofen,4643,2110,29,2012
Braunau,4723,711,8.4,2012
Bürglen,4911,3422,25.3,2012
Bussnang,4921,2168,11.1,2012
Diessenhofen ,4545,3513,31.7,2012
Dozwil,4406,660,10.9,2012
Egnach,4411,4313,12.2,2012
Erlen,4476,3233,21.5,2012
Ermatingen,4646,3021,27.4,2012
Eschenz,4806,1637,16.1,2012
Eschlikon,4724,4059,11.9,2012
Felben-Wellhausen,4561,2536,17.2,2012
Fischingen,4726,2577,7.8,2012
Frauenfeld,4566,23948,22.6,2012
Gachnang,4571,3492,12.1,2012
Gottlieben,4651,292,34.9,2012
Güttingen,4656,1473,18.6,2012
Hauptwil-Gottshaus,4486,1873,10.1,2012
Hefenhofen,4416,1218,12.6,2012
Herdern,4811,959,7.3,2012
Hohentannen,4495,604,9.3,2012
Homburg,4816,1471,7.6,2012
Horn,4421,2579,15.9,2012
Hüttlingen,4590,818,9.2,2012
Hüttwilen,4821,1561,8.7,2012
Kemmental,4666,2290,17.9,2012
Kesswil,4426,1007,17.9,2012
Kradolf-Schönenberg,4501,3298,21,2012
Kreuzlingen,4671,20349,51.6,2012
Langrickenbach,4681,1145,11.6,2012
Lengwil,4683,1428,19.5,2012
Lommis,4741,1125,11,2012
Mammern,4826,615,27.2,2012
Märstetten,4941,2581,11.2,2012
Matzingen,4591,2556,21,2012
Müllheim,4831,2666,13.6,2012
Münchwilen,4746,4997,19.4,2012
Münsterlingen,4691,3054,36.5,2012
Neunforn,4601,953,6.9,2012
Pfyn,4841,1948,13.1,2012
Raperswilen,4846,403,6.7,2012
Rickenbach,4751,2593,31.4,2012
Roggwil,4431,2888,10.2,2012
Romanshorn,4436,10254,29.2,2012
Salenstein,4851,1260,24.8,2012
Salmsach,4441,1329,25.1,2012
Schlatt,4546,1624,12.4,2012
Schönholzerswilen,4756,799,5.9,2012
Sirnach,4761,7317,21.9,2012
Sommeri ,4446,506,9.3,2012
Steckborn,4864,3689,25.5,2012
Stettfurt,4606,1140,6.5,2012
Sulgen,4506,3542,23.6,2012
Tägerwilen,4696,4066,34.1,2012
Thundorf,4611,1327,6,2012
Tobel-Tägerschen ,4776,1421,12.9,2012
Uesslingen-Buch,4616,1066,5.9,2012
Uttwil,4451,1753,15.6,2012
Wagenhausen,4871,1649,18.9,2012
Wäldi,4701,993,12.2,2012
Wängi,4781,4284,13.5,2012
Warth-Weiningen,4621,1212,7.3,2012
Weinfelden,4946,10646,20.2,2012
Wigoltingen,4951,2243,12.8,2012
Wilen,4786,2149,9.4,2012
Wuppenau,4791,1087,6.3,2012
Zihlschlacht-Sitterdorf,4511,2129,10.8,2012
Aadorf,4551,8413,15.6,2013
Affeltrangen,4711,2387,13.8,2013
Altnau,4641,2151,18.7,2013
Amlikon-Bissegg,4881,1303,8.1,2013
Amriswil,4461,12636,29.1,2013
Arbon,4401,14028,30.4,2013
Basadingen-Schlattingen,4536,1738,12.4,2013
Berg,4891,3237,12.4,2013
Berlingen ,4801,861,23.9,2013
Bettwiesen,4716,1145,21.9,2013
Bichelsee-Balterswil,4721,2741,10.7,2013
Birwinken,4901,1317,9.2,2013
Bischofszell,4471,5625,23.9,2013
Bottighofen,4643,2117,30.2,2013
Braunau,4723,725,8,2013
Bürglen,4911,3455,26,2013
Bussnang,4921,2184,11.4,2013
Diessenhofen ,4545,3547,32.7,2013
Dozwil,4406,664,11.7,2013
Egnach,4411,4445,12.2,2013
Erlen,4476,3263,22.3,2013
Ermatingen,4646,3077,27.9,2013
Eschenz,4806,1675,16.2,2013
Eschlikon,4724,4156,12.9,2013
Felben-Wellhausen,4561,2601,18.6,2013
Fischingen,4726,2540,7.3,2013
Frauenfeld,4566,24221,23.1,2013
Gachnang,4571,3597,12.8,2013
Gottlieben,4651,302,38.1,2013
Güttingen,4656,1481,18.3,2013
Hauptwil-Gottshaus,4486,1896,9.3,2013
Hefenhofen,4416,1234,13.5,2013
Herdern,4811,986,7.3,2013
Hohentannen,4495,618,9.7,2013
Homburg,4816,1476,7.1,2013
Horn,4421,2594,17,2013
Hüttlingen,4590,818,8.4,2013
Hüttwilen,4821,1579,9.2,2013
Kemmental,4666,2311,18,2013
Kesswil,4426,984,16.3,2013
Kradolf-Schönenberg,4501,3356,21.5,2013
Kreuzlingen,4671,20680,52.6,2013
Langrickenbach,4681,1223,14,2013
Lengwil,4683,1482,21.3,2013
Lommis,4741,1166,11.7,2013
Mammern,4826,611,26.4,2013
Märstetten,4941,2710,11.6,2013
Matzingen,4591,2524,20.9,2013
Müllheim,4831,2787,14.5,2013
Münchwilen,4746,5050,20.2,2013
Münsterlingen,4691,3113,36.9,2013
Neunforn,4601,950,6.3,2013
Pfyn,4841,1929,13.4,2013
Raperswilen,4846,393,7.1,2013
Rickenbach,4751,2688,32.1,2013
Roggwil,4431,2867,10.3,2013
Romanshorn,4436,10435,29.8,2013
Salenstein,4851,1290,25.7,2013
Salmsach,4441,1342,24.9,2013
Schlatt,4546,1626,11.2,2013
Schönholzerswilen,4756,823,5.7,2013
Sirnach,4761,7387,22,2013
Sommeri ,4446,505,9.5,2013
Steckborn,4864,3635,25.3,2013
Stettfurt,4606,1142,6.5,2013
Sulgen,4506,3607,23.8,2013
Tägerwilen,4696,4263,35.4,2013
Thundorf,4611,1340,6.3,2013
Tobel-Tägerschen ,4776,1463,13.5,2013
Uesslingen-Buch,4616,1074,6,2013
Uttwil,4451,1807,17.3,2013
Wagenhausen,4871,1661,19.1,2013
Wäldi,4701,986,13.2,2013
Wängi,4781,4425,14.3,2013
Warth-Weiningen,4621,1215,7.7,2013
Weinfelden,4946,10809,20.5,2013
Wigoltingen,4951,2253,13.8,2013
Wilen,4786,2249,10.3,2013
Wuppenau,4791,1097,5.9,2013
Zihlschlacht-Sitterdorf,4511,2164,11,2013
Aadorf,4551,12699,29.5,2014
Affeltrangen,4711,13986,30.4,2014
Altnau,4641,678,12.8,2014
Amlikon-Bissegg,4881,4516,12.9,2014
Amriswil,4461,1229,13.8,2014
Arbon,4401,2570,17.1,2014
Basadingen-Schlattingen,4536,989,16.4,2014
Berg,4891,2896,10.4,2014
Berlingen ,4801,10558,30.4,2014
Bettwiesen,4716,1382,26.6,2014
Bichelsee-Balterswil,4721,519,9.4,2014
Birwinken,4901,1804,18.2,2014
Bischofszell,4471,1774,12.9,2014
Bottighofen,4643,851,23.7,2014
Braunau,4723,3546,32.8,2014
Bürglen,4911,1682,16.6,2014
Bussnang,4921,2641,18.7,2014
Diessenhofen ,4545,24409,23.2,2014
Dozwil,4406,3729,13.5,2014
Egnach,4411,978,8,2014
Erlen,4476,1512,7.3,2014
Ermatingen,4646,831,8.5,2014
Eschenz,4806,1631,8.9,2014
Eschlikon,4724,608,26,2014
Felben-Wellhausen,4561,2569,23.4,2014
Fischingen,4726,2870,15.7,2014
Frauenfeld,4566,921,5.3,2014
Gachnang,4571,1946,13.7,2014
Gottlieben,4651,1646,13.3,2014
Güttingen,4656,3693,26,2014
Hauptwil-Gottshaus,4486,1160,7.3,2014
Hefenhofen,4416,1408,7.4,2014
Herdern,4811,1082,6.5,2014
Hohentannen,4495,1655,18.6,2014
Homburg,4816,1232,8.8,2014
Horn,4421,2113,18.8,2014
Hüttlingen,4590,2116,30.2,2014
Hüttwilen,4821,3156,28.6,2014
Kemmental,4666,299,39.5,2014
Kesswil,4426,1540,18.4,2014
Kradolf-Schönenberg,4501,2353,17.8,2014
Kreuzlingen,4671,21166,53.4,2014
Langrickenbach,4681,1264,14.8,2014
Lengwil,4683,1560,23.5,2014
Lommis,4741,3143,38,2014
Mammern,4826,411,10,2014
Märstetten,4941,1295,25.1,2014
Matzingen,4591,4320,35.4,2014
Müllheim,4831,1030,15.2,2014
Münchwilen,4746,8555,15.6,2014
Münsterlingen,4691,1128,21.9,2014
Neunforn,4601,2769,11.2,2014
Pfyn,4841,755,8.6,2014
Raperswilen,4846,4210,12.9,2014
Rickenbach,4751,2563,7.3,2014
Roggwil,4431,1191,12.1,2014
Romanshorn,4436,5137,20.9,2014
Salenstein,4851,2712,33.6,2014
Salmsach,4441,7488,22.5,2014
Schlatt,4546,1507,14.2,2014
Schönholzerswilen,4756,4471,14.9,2014
Sirnach,4761,2361,10.7,2014
Sommeri ,4446,2450,14.7,2014
Steckborn,4864,1294,9.1,2014
Stettfurt,4606,3261,13.2,2014
Sulgen,4506,1341,9.5,2014
Tägerwilen,4696,5767,25,2014
Thundorf,4611,3567,26.6,2014
Tobel-Tägerschen ,4776,2211,12.6,2014
Uesslingen-Buch,4616,3480,25.3,2014
Uttwil,4451,1911,9.5,2014
Wagenhausen,4871,614,9.8,2014
Wäldi,4701,3512,23.4,2014
Wängi,4781,2735,12.4,2014
Warth-Weiningen,4621,795,7.4,2014
Weinfelden,4946,3638,24.1,2014
Wigoltingen,4951,10948,21.1,2014
Wilen,4786,2315,14.6,2014
Wuppenau,4791,1121,6.4,2014
Zihlschlacht-Sitterdorf,4511,2219,11.5,2014
